Customer ID,Order City,Order Postal,Order State,Latitude,Longitude
18287,Rock Springs,82901-7321,WY,41.5869,-109.2048
18283,Jackson,83001-9460,WY,43.48,-110.7618
18282,Greybull,82426,WY,44.4892,-108.0562
18281,Evanston,82930-4706,WY,41.268,-110.9633
18280,Cheyenne,82001-7901,WY,41.14,-104.8202
18278,Wheeling,26003-6635,WV,40.064,-80.7209
18277,Shepherdstown,25443-4827,WV,39.4301,-77.8042
18276,Ridgeley,26753-7083,WV,39.6415,-78.7745
18274,Mount Hope,25880-1324,WV,37.8954,-81.1643
18273,Mount Clare,26408-6998,WV,39.19,-80.33
18272,Moundsville,26041-4037,WV,39.9204,-80.7431
18270,Morgantown,26508-8649,WV,39.6295,-79.9559
18269,Morgantown,26508-4276,WV,39.6295,-79.9559
18268,Martinsburg,25404,WV,39.4561,-77.9638
18265,Jumping Branch,25969,WV,37.6576,-80.9765
18263,Fayetteville,25840,WV,38.0531,-81.104
18262,Fairmont,26554-8240,WV,39.4851,-80.1426
18261,Colliers,26035-1500,WV,40.367,-80.5412
18260,Colliers,26035,WV,40.367,-80.5412
18259,Charleston,25387-1201,WV,38.3506,-81.6333
18257,Charleston,25304-1451,WV,38.3506,-81.6333
18256,Chapmanville,25508,WV,37.9737,-82.0174
18255,Sun Prairie,53590,WI,43.1835,-89.2134
18252,Rice Lake,54868,WI,45.5028,-91.7332
18251,Kaukauna,54130,WI,44.278,-88.2721
18250,Weston,54476-1956,WI,,
18249,West Allis,53219-2056,WI,43.0167,-88.007
18248,Wauwatosa,53213-1221,WI,43.0494,-88.0079
18246,Wausau,54401-3972,WI,44.9596,-89.6298
18245,Waunakee,53597,WI,43.1919,-89.4557
18242,Wales,53183,WI,43.0045,-88.3768
18241,Sun Prairie,53590-3830,WI,43.1835,-89.2134
18240,Solon Springs,54873-8132,WI,46.3533,-91.8224
18239,Slinger,53086-9103,WI,43.3334,-88.2858
18237,Schofield,54476-1331,WI,44.9097,-89.6046
18236,Salem,53168,wi,42.5547,-88.1109
18235,Racine,53405-5032,WI,42.7261,-87.7825
18233,Port Washington,53074-1531,WI,43.3872,-87.8756
18232,Pleasant Prairie,53158-3842,WI,42.5523,-87.9314
18231,Platteville,53818-1946,WI,42.7343,-90.4784
18230,Pardeeville,53954-9472,WI,43.5378,-89.3001
18229,Oshkosh,54902-9176,WI,44.0207,-88.5409
18228,Oregon,53575,WI,42.926,-89.3843
18227,Onalaska,54650-2130,WI,43.8831,-91.2344
18226,Oconto Falls,54154-1602,WI,44.8739,-88.1429
18225,Oconomowoc,53066-3475,WI,43.1117,-88.4993
18224,North Fond Du Lac,54937-1219,WI,43.8114,-88.4834
18223,New Berlin,53151-2522,WI,42.9765,-88.109
18222,Neshkoro,54960-8708,WI,43.9658,-89.2176
18221,Neenah,54956-2031,WI,44.1858,-88.4626
18220,Muskego,53150-9607,WI,42.9058,-88.139
18219,Muskego,53150-6204,WI,42.9058,-88.139
18218,Minong,54859-4601,WI,46.0994,-91.8248
18217,Milwaukee,53211-2812,WI,43.0115,-87.9735
18216,Milwaukee,53211,WI,43.0115,-87.9735
18215,Milwaukee,53206,WI,43.0115,-87.9735
18213,Milton,53563,WI,42.7756,-88.944
18212,Middleton,53562-3555,WI,43.1056,-89.5089
18211,Mequon,53092-5531,WI,43.2219,-87.9823
18210,Menasha,54952-9507,WI,44.2022,-88.4465
18209,Medford,54451-9344,WI,45.1389,-90.3461
18205,Mayville,53050,WI,43.4942,-88.5448
18204,Marshfield,54449,WI,44.6689,-90.1718
18203,Manitowoc,54220-9352,WI,44.0886,-87.6576
18202,Manitowoc,54220,WI,44.0886,-87.6576
18200,Malone,53049-1526,WI,43.8603,-88.2815
18198,Madison,53703,WI,43.0748,-89.3838
18196,Madison,53714-3330,WI,43.0748,-89.3838
18194,Madison,53705-1435,WI,43.0748,-89.3838
18193,Madison,53704-2017,WI,43.0748,-89.3838
18192,Madison,53703-2938,WI,43.0748,-89.3838
18191,Madison,53703-1504,WI,43.0748,-89.3838
18190,Lake Geneva,53147-2009,WI,42.5917,-88.4334
18189,Lacrosse,54601,WI,43.8014,-91.2396
18188,La Valle,53941-9430,WI,43.5822,-90.1282
18185,Kewaskum,53040,WI,43.5214,-88.2279
18184,Kenosha,53142-3957,WI,42.5847,-87.8212
18183,Kenosha,53142,WI,42.5847,-87.8212
18181,Hudson,54016,WI,44.9747,-92.7569
18180,Holmen,54636-9230,WI,43.9633,-91.2563
18179,Hiles,54511-8954,WI,,
18178,Hayward,54843-4043,WI,46.013,-91.4849
18177,Greenleaf,54126-9616,WI,44.3136,-88.0957
18176,Green Bay,54311-4509,WI,44.5299,-88.0248
18174,Green Bay,54311,WI,44.5299,-88.0248
18173,Green Bay,54301-2424,WI,44.5299,-88.0248
18172,Green Bay,54301-1044,WI,44.5299,-88.0248
18171,Franklin,53132-8354,WI,42.8886,-88.0384
18170,Franklin,53132-8192,WI,42.8886,-88.0384
18169,Franklin,53132-8016,WI,42.8886,-88.0384
18168,Elkhorn,53121-4530,WI,42.6728,-88.5445
18167,Eau Galle,54737-9562,WI,,
18165,Delavan,53115,WI,42.6331,-88.6437
18164,De Pere,54115-4123,WI,44.4487,-88.0601
18161,Danbury,54830,WI,46.0066,-92.3713
18160,Colby,54421-9775,WI,44.91,-90.3157
18159,Cedarburg,53012-2729,WI,43.2967,-87.9876
18158,Cedarburg,53012,WI,43.2967,-87.9876
18156,Butler,53007-1204,WI,43.1058,-88.0695
18155,Burlington,53105-3603,WI,42.6781,-88.2762
18154,Brookfield,53045-7818,WI,43.0606,-88.1065
18151,Brookfield,53005-1673,WI,43.0606,-88.1065
18150,Birnamwood,54414,WI,44.9333,-89.2096
18149,Birchwood,54817-9013,WI,45.6663,-91.556
18147,Beaver Dam,53916-1246,WI,43.4578,-88.8373
18146,Argyle,53504-9725,WI,42.701,-89.8672
18145,Appleton,54915-7421,WI,44.2611,-88.4068
18144,Appleton,54914-6428,WI,44.2611,-88.4068
18143,Volga,26238-8633,WEST VIRGINIA,39.0784,-80.1354
18142,Yakima,98908-1716,WASHINGTON,46.6016,-120.5108
18141,Vancouver,98685-3870,WASHINGTON,45.6307,-122.6745
18139,Vancouver,98664-3431,WA,45.6307,-122.6745
18138,Vancouver,98664,WA,45.6307,-122.6745
18136,Oak Harbor,98277-7843,WASHINGTON,48.2932,-122.6432
18135,Mount Vernon,98273,WA,48.42,-122.3264
18133,Moses Lake,98837,WA,47.1301,-119.2781
18130,Monroe,98272-1721,WASHINGTON,47.856,-121.9706
18129,Woodinville,98072-9249,WA,47.7546,-122.1589
18127,Woodinville,98072-6446,WA,47.7546,-122.1589
18126,Wenatchee,98801-9159,WA,47.4235,-120.3103
18125,Washougal,98671,WA,45.582,-122.348
18123,Walla Walla,99362,WA,46.065,-118.3303
18122,Veradale,99037-8227,WA,47.656,-117.2016
18121,Vashon,98070-3224,WA,47.4446,-122.459
18120,Vancouver,98662-4720,WA,45.6307,-122.6745
18119,Tukwila,98168,wa,47.4627,-122.2559
18118,Tacoma,98422-3480,WA,47.2496,-122.4399
18117,Tacoma,98406-5824,WA,47.2496,-122.4399
18116,Spokane,99223-6365,WA,47.6589,-117.4247
18114,Spokane,99208-8213,WA,47.6589,-117.4247
18113,Spokane,99206-4437,WA,47.6589,-117.4247
18112,Spokane,99205-7633,WA,47.6589,-117.4247
18110,Spokane,99203-1960,WA,47.6589,-117.4247
18109,Spokane,99201,wa,47.6589,-117.4247
18108,Snohomish,98290-6215,WA,47.918,-122.09
18106,Snohomish,98290-4112,WA,47.918,-122.09
18105,Silverdale,98383-9280,WA,47.6594,-122.6766
18104,Silverdale,98383-3600,WA,47.6594,-122.6766
18102,Shoreline,98133-4705,WA,47.7563,-122.3438
18101,Shelton,98584-7265,WA,47.2151,-123.1007
18099,Sequim,98382-3171,WA,48.0849,-123.1097
18097,Seattle,98199-2540,WA,47.6038,-122.3301
18096,Seattle,98199,WA,47.6038,-122.3301
18095,Seattle,98146-3578,WA,47.6038,-122.3301
18094,Seattle,98146,WA,47.6038,-122.3301
18093,Seattle,98122-4807,WA,47.6038,-122.3301
18092,Seattle,98122-4534,WA,47.6038,-122.3301
18088,Seattle,98121-1453,WA,47.6038,-122.3301
18087,Seattle,98116,WA,47.6038,-122.3301
18086,Seattle,98115-6303,WA,47.6038,-122.3301
18085,Seattle,98112-4828,WA,47.6038,-122.3301
18084,Seattle,98109-5334,WA,47.6038,-122.3301
18082,Seattle,98107,wa,47.6038,-122.3301
18081,Seattle,98106-2403,WA,47.6038,-122.3301
18080,Seattle,98106-2137,WA,47.6038,-122.3301
18079,Seattle,98105-2445,WA,47.6038,-122.3301
18078,Seattle,98104-4084,WA,47.6038,-122.3301
18077,Seattle,98104-2323,WA,47.6038,-122.3301
18075,Seattle,98104-1366,WA,47.6038,-122.3301
18074,Seattle,98103,WA,47.6038,-122.3301
18073,Seattle,98101-4206,WA,47.6038,-122.3301
18072,Seattle,98101-2033,WA,47.6038,-122.3301
18071,Sammamish,98074-6678,WA,47.6088,-122.0423
18069,Renton,98058,WA,47.4799,-122.2034
18068,Renton,98057-2178,WA,47.4799,-122.2034
18067,Renton,98056,WA,47.4799,-122.2034
18066,Redmond,98053-8607,WA,47.6694,-122.1239
18065,Redmond,98053-2028,WA,47.6694,-122.1239
18064,Quil Ceda Village,98271-8085,WA,,
18062,Puyallup,98374,WA,47.1849,-122.2921
18061,Puyallup,98372-5275,WA,47.1849,-122.2921
18059,Poulsbo,98370-9540,WA,47.7391,-122.6393
18058,Port Orchard,98367-8275,WA,47.5316,-122.6384
18056,Point Roberts,98281-9712,WA,48.9854,-123.078
18055,Olympia,98516-6801,WA,47.045,-122.8949
18053,Olympia,98512-9452,WA,47.045,-122.8949
18050,Olalla,98359,wa,47.4305,-122.5429
18048,Nine Mile Falls,99026-9243,WA,47.7757,-117.5461
18045,Mount Vernon,98274-8224,WA,48.42,-122.3264
18044,Mill Creek,98012-8401,WA,47.8601,-122.2043
18043,Mill Creek,98012-4926,WA,47.8601,-122.2043
18042,Maple Falls,98266-7015,WA,48.9243,-122.0771
18041,Lynnwood,98087-8427,WA,47.8279,-122.3054
18040,Lynden,98264-9446,WA,48.9466,-122.4569
18037,Lynden,98264,WA,48.9466,-122.4569
18036,Langley,98260-8018,WA,48.04,-122.4094
18035,Lakewood,98498-6500,WA,47.1718,-122.5185
18034,Lake Stevens,98258-8499,WA,48.0198,-122.0661
18033,La Conner,98257-0839,WA,48.3887,-122.4963
18032,La Center,98629-5409,WA,45.8639,-122.6686
18030,Kirkland,98033-8302,WA,47.686,-122.192
18027,Kirkland,98033,WA,47.686,-122.192
18024,Kent,98030-8894,WA,47.3827,-122.227
18022,Kenmore,98028-3361,WA,47.7573,-122.244
18019,Issaquah,98027-5619,WA,47.5349,-122.0433
18018,Issaquah,98027-3644,WA,47.5349,-122.0433
18017,Indianola,98342,WA,47.7514,-122.5228
18016,Graham,98338,WA,47.0396,-122.2786
18015,Gig Harbor,98332-9626,WA,47.326,-122.5879
18014,Gig Harbor,98332-5503,WA,47.326,-122.5879
18013,Gig Harbor,98332,WA,47.326,-122.5879
18011,Fircrest,98466,WA,47.2317,-122.5143
18010,Everett,98208-3119,WA,47.9673,-122.2014
18009,Everett,98203-2734,WA,47.9673,-122.2014
18008,Enumclaw,98022,WA,47.2048,-121.9916
18006,Edmonds,98026-7305,WA,47.8106,-122.3775
18005,East Wenatchee,98802,WA,47.4157,-120.2931
18004,Duvall,98019-8134,WA,47.7423,-121.9857
18001,Des Moines,98198-8532,WA,47.3988,-122.3099
17999,Colville,99114-2015,WA,48.5466,-117.9055
17997,Chelan,98816,WA,47.841,-120.0165
17995,Chehalis,98532-1606,WA,46.66,-122.9634
17994,Centralia,98531,WA,46.7204,-122.9614
17991,Burlington,98233-2910,WA,48.4757,-122.3254
17990,Burien,98166-2333,WA,47.4699,-122.3485
17988,Brush Prairie,98606-7281,WA,45.7289,-122.5421
17987,Brush Prairie,98606,WA,45.7289,-122.5421
17986,Brier,98036-8489,WA,47.7845,-122.2743
17985,Bothell,98021-8040,WA,47.7599,-122.2068
17984,Bothell,98012-7472,WA,47.7599,-122.2068
17980,Bothell,98011-2347,WA,47.7599,-122.2068
17979,Bellingham,98229-9351,WA,48.7544,-122.4789
17978,Bellingham,98229-2519,WA,48.7544,-122.4789
17977,Bellingham,98229,WA,48.7544,-122.4789
17976,Bellingham,98226-9441,WA,48.7544,-122.4789
17975,Bellingham,98226-4632,WA,48.7544,-122.4789
17974,Bellingham,98225-3525,WA,48.7544,-122.4789
17973,Bellingham,98225-2728,WA,48.7544,-122.4789
17972,Bellevue,98008,WA,47.6144,-122.1923
17970,Bellevue,98005,WA,47.6144,-122.1923
17969,Bellevue,98004-8533,WA,47.6144,-122.1923
17968,Bellevue,98004-6725,WA,47.6144,-122.1923
17967,Bellevue,98004-5133,WA,47.6144,-122.1923
17966,Bellevue,98004-5058,WA,47.6144,-122.1923
17965,Battle Ground,98604-6439,WA,45.7814,-122.5337
17964,Bainbridge Island,98110-2641,WA,47.6553,-122.5351
17962,Auburn,98092-3284,WA,47.3075,-122.2302
17961,Arlington,98223-5024,WA,48.1811,-122.139
17960,Anacortes,98221-1722,WA,48.502,-122.6237
17958,Stowe,5672,VT,44.4656,-72.6849
17957,Rutland,5701,VT,43.6106,-72.9726
17956,Northfield,05663-6155,VT,44.1512,-72.6565
17955,Burlington,05408-2667,VT,44.4724,-73.2115
17954,Barre,05641-4922,VT,44.197,-72.502
17951,Yorktown,23693-4433,VIRGINIA,37.2379,-76.5081
17950,Williamsburg,23188,VA,37.2707,-76.7075
17949,Vienna,22182-3405,VA,38.9013,-77.2652
17948,Vienna,22182,VA,38.9013,-77.2652
17947,Suffolk,23434-6211,VA,36.7282,-76.5836
17946,Springfield,22152-2216,VIRGINIA,38.7891,-77.187
17942,Springfield,22150,VA,38.7891,-77.187
17941,South Hill,23970,VA,36.7265,-78.1291
17940,Roanoke City,24014,VIRGINIA,,
17939,Reston,20190,VA,38.9584,-77.358
17937,Port Haywood,23138-2096,VIRGINIA,37.386,-76.3172
17936,Manassas,20110-7942,VIRGINIA,38.7509,-77.4753
17935,Henrico,23238-3846,VA,37.65,-77.61
17934,Falls Church,22041-2508,VIRGINIA,38.8823,-77.1711
17932,Chester,23831,VA,37.3569,-77.4422
17931,Chatham,24531,VA,36.8257,-79.3981
17930,Centreville,20121,VA,38.8404,-77.4289
17929,Centreville,20120,VA,38.8404,-77.4289
17928,Hyde Park,05655-9361,VERMONT,44.5939,-72.6165
17926,Virginia Beach,23454-2613,VA,36.853,-75.9774
17925,Yorktown,23692-4087,VA,37.2379,-76.5081
17924,Wytheville,24382-1633,VA,36.948,-81.087
17923,Woodbridge,22192,va,38.6582,-77.2497
17921,Wirtz,24184-3899,VA,37.0765,-79.8895
17920,Windsor,23487-8912,VA,36.8085,-76.7441
17919,Williamsburg,23188-8913,VA,37.2707,-76.7075
17917,Williamsburg,23188-2809,VA,37.2707,-76.7075
17914,Williamsburg,23188-1115,VA,37.2707,-76.7075
17913,Williamsburg,23188,VA,37.2707,-76.7075
17912,Warrenton,20186-9650,VA,38.7135,-77.7954
17911,Virginia Beach,23456,VA,36.853,-75.9774
17908,Virginia Beach,23455,VA,36.853,-75.9774
17906,Virginia Beach,23454-6807,VA,36.853,-75.9774
17905,Virginia Beach,23453-6656,VA,36.853,-75.9774
17904,Virginia Beach,23451,VA,36.853,-75.9774
17901,Vienna,22182-2382,VA,38.9013,-77.2652
17900,Vienna,22180-4105,VA,38.9013,-77.2652
17899,Toano,23168-9120,VA,37.3799,-76.8041
17898,Sterling,20165-7311,VA,39.0016,-77.4032
17897,Sterling,20164-2329,VA,39.0016,-77.4032
17896,Springfield,22151-3925,VA,38.7891,-77.187
17895,Spotsylvania,22551-6513,VA,38.1881,-77.6742
17894,Ruckersville,22968-2336,VA,38.2332,-78.3692
17893,Rockville,23146-1629,VA,37.726,-77.6783
17892,Rockbridge Baths,24473-2310,VA,37.94,-79.39
17891,Roanoke,24019-6010,VA,37.271,-79.9414
17890,Roanoke,24018-9149,VA,37.271,-79.9414
17889,Richmond,23238,VA,37.5385,-77.4343
17888,Richmond,23233-6605,VA,37.5385,-77.4343
17887,Richmond,23230-5028,VA,37.5385,-77.4343
17886,Richmond,23224,VA,37.5385,-77.4343
17885,Richmond,23223-2427,VA,37.5385,-77.4343
17884,Richmond,23223-1159,VA,37.5385,-77.4343
17883,Richmond,23221-3318,VA,37.5385,-77.4343
17881,Richmond,23221-3212,VA,37.5385,-77.4343
17880,Reston,20191,VA,38.9584,-77.358
17879,Reston,20190-4716,VA,38.9584,-77.358
17878,Purcellville,20132-5100,VA,39.1368,-77.7147
17877,Potomac Falls,20165-5662,VA,,
17874,Portsmouth,23703,VA,36.8354,-76.2983
17873,Orange,22960-2608,VA,38.2454,-78.1108
17871,Orange,22960-1733,VA,38.2454,-78.1108
17870,Oakton,22124-2002,VA,38.8814,-77.3006
17869,North Chesterfield,23235-6063,VA,,
17867,Norfolk,23505-2603,VA,36.8465,-76.2916
17866,Norfolk,23504-3901,VA,36.8465,-76.2916
17865,Norfolk,23503-3406,VA,36.8465,-76.2916
17864,Norfolk,23502-4009,VA,36.8465,-76.2916
17863,Montpelier,23192-2050,VA,37.8213,-77.6844
17862,Midlothian,23113-1108,VA,37.5063,-77.6493
17861,Midlothian,23112-4492,VA,37.5063,-77.6493
17860,Mclean,22102-7722,VA,38.92,-77.22
17859,Mclean,22101,VA,38.92,-77.22
17858,Manassas,20112,VA,38.7509,-77.4753
17857,Manassas,20110-5688,VA,38.7509,-77.4753
17856,Louisa,23093-5506,VA,38.025,-78.0036
17855,Leesburg,20175-6596,VA,39.1154,-77.5645
17854,Herndon,20171-4829,VA,38.9695,-77.3859
17852,Herndon,20170-2500,VA,38.9695,-77.3859
17850,Heathsville,22473-2244,VA,37.9176,-76.4722
17849,Haymarket,20169-2631,VA,38.8121,-77.6367
17848,Haymarket,20169,VA,38.8121,-77.6367
17846,Hampton,23666-1813,VA,37.0301,-76.3452
17844,Hampton,23666-1741,VA,37.0301,-76.3452
17843,Grottoes,24441-4609,VA,38.2674,-78.8259
17841,Great Falls,22066-1101,VA,38.9982,-77.2883
17839,Gordonsville,22942-9618,VA,38.1374,-78.1878
17838,Fredericksburg,22407-5211,VA,38.2968,-77.4834
17837,Falls Church,22046-3626,VA,38.8823,-77.1711
17836,Falls Church,22044-2630,VA,38.8823,-77.1711
17835,Falls Church,22042-2910,VA,38.8823,-77.1711
17832,Fairfax,22033-2159,VA,38.8462,-77.3064
17831,Fairfax,22033,VA,38.8462,-77.3064
17830,Fairfax,22032-2035,VA,38.8462,-77.3064
17829,Fairfax,22032,VA,38.8462,-77.3064
17828,Fairfax,22031-4734,VA,38.8462,-77.3064
17827,Dillwyn,23936-2471,VA,37.5429,-78.4572
17824,Concord,24538-3359,VA,37.3426,-78.975
17820,Collinsville,24078-3077,VA,36.7151,-79.9153
17819,Clifton,20124-1098,VA,38.7802,-77.3865
17817,Chesapeake,23323,VA,36.7184,-76.2467
17816,Chesapeake,23322-7479,VA,36.7184,-76.2467
17813,Chesapeake,23322-3980,VA,36.7184,-76.2467
17812,Chesapeake,23322,VA,36.7184,-76.2467
17811,Chesapeake,23320-5202,VA,36.7184,-76.2467
17809,Charlottesville,22911-8412,VA,38.0293,-78.4767
17806,Charlottesville,22911,va,38.0293,-78.4767
17805,Charlottesville,22903-9369,VA,38.0293,-78.4767
17802,Charlottesville,22903-4047,VA,38.0293,-78.4767
17800,Centreville,20121,VA,38.8404,-77.4289
17799,Burke,22015-4238,VA,38.7771,-77.2755
17797,Burke,22015-1697,VA,38.7771,-77.2755
17796,Burke,22015,VA,38.7771,-77.2755
17795,Blackstone,23824-2608,VA,37.0804,-77.9972
17793,Blacksburg,24060-8835,VA,37.2297,-80.4137
17791,Berryville,22611-1438,VA,39.1518,-77.9822
17790,Bedford,24523-3238,VA,37.3345,-79.5235
17789,Bedford,24523,VA,37.3345,-79.5235
17788,Aylett,23009-2103,VA,37.786,-77.105
17787,Ashburn,20147-2934,VA,39.0437,-77.4875
17786,Arlington,22207-5165,VA,38.8769,-77.0893
17785,Arlington,22206-3147,VA,38.8769,-77.0893
17783,Arlington,22202-5124,VA,38.8769,-77.0893
17781,Arlington,22202-2397,VA,38.8769,-77.0893
17779,Arlington,22201-3804,VA,38.8769,-77.0893
17777,Amherst,24521,VA,37.5851,-79.0514
17775,Alexandria,22314-6802,VA,38.8051,-77.047
17774,Alexandria,22308-2743,VA,38.8051,-77.047
17772,Alexandria,22303-1561,VA,38.8051,-77.047
17771,Alexandria,22302-2716,VA,38.8051,-77.047
17770,Alexandria,22302-1721,VA,38.8051,-77.047
17769,Alexandria,22301-1038,VA,38.8051,-77.047
17768,Sandy,84092-5238,UTAH,40.5749,-111.848
17767,Salem,84653,UT,40.053,-111.6735
17765,Pleasant Grove,84062-2165,UTAH,40.3641,-111.7385
17764,Holden,84636-0038,UTAH,39.0989,-112.2708
17763,American Fork,84003-1866,UTAH,40.3769,-111.7958
17761,West Valley,84119-4286,UT,,
17760,West Haven,84401-8460,UT,41.205,-112.0489
17759,Vernal,84078,UT,40.4555,-109.5287
17758,Tooele,84074-2409,UT,40.5308,-112.2983
17757,Tooele,84074-1953,UT,40.5308,-112.2983
17754,Santaquin,84655-7903,UT,39.9755,-111.7852
17752,Santa Clara,84765-5750,UT,37.133,-113.6541
17750,Sandy,84093-6426,UT,40.5749,-111.848
17749,Sandy,84092-3067,UT,40.5749,-111.848
17747,Salt Lake City,84124-1846,UT,40.767,-111.8904
17746,Salt Lake City,84115-2216,UT,40.767,-111.8904
17744,Salt Lake City,84109-1628,UT,40.767,-111.8904
17742,Salt Lake City,84106,UT,40.767,-111.8904
17739,Salt Lake City,84105-3746,UT,40.767,-111.8904
17738,Saint George,84770-6582,UT,37.11,-113.56
17737,Provo,84604-4245,UT,40.2338,-111.6585
17736,Pleasant Grove,84062,UT,40.3641,-111.7385
17735,Orem,84097-6425,UT,40.2975,-111.6945
17734,North Salt Lake,84054-3043,UT,40.8486,-111.9069
17733,North Ogden,84414-3408,UT,41.3071,-111.9602
17732,Midvale,84047,UT,40.6111,-111.8999
17731,Lindon,84042-1947,UT,40.3433,-111.7208
17730,Cedar City,84720-3319,UT,37.6775,-113.0619
17728,Bountiful,84010-8055,UT,40.8895,-111.8805
17727,St.Croix,00851-4303,USVI,,
17725,Zapata,78076,TX,26.988,-99.1674
17724,Wimberley,78676,TX,29.9974,-98.0986
17723,West Lake Hills,78746-5502,TX,30.298,-97.8019
17722,West,76691-1512,TX,31.8035,-97.0933
17720,Weslaco,78599-4584,TX,26.1595,-97.9908
17719,Waxahachie,75165-1552,TX,32.3865,-96.8483
17718,Watauga,76148,TX,32.8579,-97.2547
17716,Watauga,76137-4758,TX,32.8579,-97.2547
17715,Waco,76710,TX,31.5493,-97.1467
17714,Waco,76708,TX,31.5493,-97.1467
17712,Vidor,77662-8318,TX,30.1316,-94.0155
17711,Vidor,77662,tx,30.1316,-94.0155
17709,Van,75790,TX,32.5249,-95.6372
17708,Tyler,75703-9381,TX,32.3513,-95.3011
17707,Tomball,77377-9017,TX,30.0972,-95.6161
17706,The Woodlands,77382,tx,30.1734,-95.5047
17705,The Hills,78738-1421,TX,,
17704,The Hills,78738,TX,,
17703,Texarkana,75501-2956,TX,33.4251,-94.0477
17702,Temple,76502-6078,TX,31.0982,-97.3428
17701,Sugar Land,77479-4786,TX,29.6197,-95.6349
17700,Spring,77388-5459,TX,30.0799,-95.4173
17698,Spring,77388-4862,TX,30.0799,-95.4173
17697,Spring,77386-4173,TX,30.0799,-95.4173
17696,Spring,77386,TX,30.0799,-95.4173
17695,Spicewood,78669-2324,TX,30.4755,-98.1564
17694,Southlake,76092-9427,TX,32.9412,-97.1342
17693,Smithville,78957-5176,TX,30.0086,-97.1594
17692,Smithville,78957-2299,TX,30.0086,-97.1594
17691,Seguin,78155-8700,TX,29.5688,-97.9647
17690,Seadrift,77983-0726,TX,28.4153,-96.7136
17686,Seabrook,77586-1680,TX,29.5633,-95.0197
17685,Seabrook,77586,TX,29.5633,-95.0197
17684,San Antonio,78255-1028,TX,29.4246,-98.4951
17682,San Antonio,78254-6060,TX,29.4246,-98.4951
17680,San Antonio,78253-5538,TX,29.4246,-98.4951
17679,San Antonio,78251-4995,TX,29.4246,-98.4951
17678,San Antonio,78250-6516,TX,29.4246,-98.4951
17677,San Antonio,78250-4312,TX,29.4246,-98.4951
17676,San Antonio,78249-3865,TX,29.4246,-98.4951
17675,San Antonio,78245-3475,TX,29.4246,-98.4951
17674,San Antonio,78217-3405,TX,29.4246,-98.4951
17673,San Antonio,78216-2135,TX,29.4246,-98.4951
17672,San Antonio,78215-1944,TX,29.4246,-98.4951
17671,San Antonio,78212-5219,TX,29.4246,-98.4951
17670,San Antonio,78212-2357,TX,29.4246,-98.4951
17669,San Antonio,78210-1801,TX,29.4246,-98.4951
17668,San Antonio,78209-4933,TX,29.4246,-98.4951
17667,San Angelo,76906,TX,31.4648,-100.4398
17666,Rowlett,75089,TX,32.9029,-96.5639
17664,Rockwall,75032-7920,TX,32.8923,-96.4067
17663,Rockwall,75032-7482,TX,32.8923,-96.4067
17660,Richmond,77469-2303,TX,29.5822,-95.7608
17659,Richmond,77469,TX,29.5822,-95.7608
17658,Richmond,77407-3790,TX,29.5822,-95.7608
17656,Richmond,77406,TX,29.5822,-95.7608
17655,Richardson,75082,TX,32.9482,-96.7297
17654,Red Oak,75154-4728,TX,32.5176,-96.8044
17653,Red Oak,75154-4620,TX,32.5176,-96.8044
17652,Powderly,75473-3713,TX,33.8112,-95.5244
17651,Portland,78374-2402,TX,27.8768,-97.3234
17650,Portland,78374-1915,TX,27.8768,-97.3234
17649,Plano,75075-7712,TX,33.0137,-96.6925
17648,Plano,75024-7560,TX,33.0137,-96.6925
17647,Pflugerville,78660-8022,TX,30.4394,-97.62
17646,Pasadena,77506-4967,TX,29.6911,-95.2091
17644,Pasadena,77504-3137,TX,29.6911,-95.2091
17643,Paris,75460-4792,TX,33.6618,-95.5555
17642,Pampa,79065-2901,TX,35.5362,-100.9599
17640,Nolanville,76559-4653,TX,31.0788,-97.6056
17639,New Ulm,78950-2221,TX,29.8922,-96.4902
17637,New Braunfels,78132-4634,TX,29.7026,-98.1256
17636,Mountain City,78610-9237,TX,30.0381,-97.8909
17634,Montgomery,77316-2811,TX,30.3883,-95.6963
17633,Missouri City,77459-4574,TX,29.6186,-95.5377
17631,Missouri City,77459-2613,TX,29.6186,-95.5377
17630,Mission,78572-8952,TX,26.2159,-98.3253
17629,Midlothian,76065-4582,TX,32.4824,-96.9944
17628,Meyersville,77974,TX,28.88,-97.27
17625,Meadowlakes,78654-7008,TX,,
17624,Mckinney,75070-2964,TX,33.1976,-96.6154
17623,Mckinney,75070,TX,33.1976,-96.6154
17621,Mcallen,78501,tx,26.2044,-98.2301
17620,Magnolia,77355-6284,TX,30.2094,-95.7508
17619,Lufkin,75904-7287,TX,31.3386,-94.7289
17618,Live Oak,78233-2563,TX,,
17616,Lewisville,75077-2428,TX,33.0462,-96.9942
17615,Lewisville,75067-6715,TX,33.0462,-96.9942
17614,League City,77573-3076,TX,29.5075,-95.0949
17613,Laredo,78045-6604,TX,27.5061,-99.5089
17612,Lakeway,78738-1141,TX,30.3645,-97.9875
17611,Kyle,78640-8813,TX,29.9893,-97.8772
17609,Kirbyville,75956-5205,TX,30.6605,-93.8927
17608,Kingwood,77339-2607,TX,30.0497,-95.1846
17604,Katy,77494-6175,TX,29.7858,-95.8244
17603,Katy,77494-4892,TX,29.7858,-95.8244
17602,Katy,77494-3992,TX,29.7858,-95.8244
17601,Katy,77449-4954,TX,29.7858,-95.8244
17600,Katy,77449-2640,TX,29.7858,-95.8244
17597,Katy,77449,TX,29.7858,-95.8244
17596,Irving,75063-8071,TX,32.814,-96.9489
17595,Irving,75063-7205,TX,32.814,-96.9489
17594,Irving,75061-8032,TX,32.814,-96.9489
17593,Irving,75038-6438,TX,32.814,-96.9489
17591,Iowa Park,76367-3006,TX,33.9515,-98.6687
17590,Hurst,76053-3921,TX,32.8235,-97.1706
17589,Humble,77396-1572,TX,29.9988,-95.2622
17588,Hudson Oaks,76087-8846,TX,32.7571,-97.7067
17585,Houstonhouston,77062,TX,,
17584,Houston,77094,tx,29.7589,-95.3677
17582,Houston,77090-1230,TX,29.7589,-95.3677
17581,Houston,77084-1624,TX,29.7589,-95.3677
17580,Houston,77080-3807,TX,29.7589,-95.3677
17579,Houston,77079-4076,TX,29.7589,-95.3677
17578,Houston,77069-1121,TX,29.7589,-95.3677
17576,Houston,77057-4407,TX,29.7589,-95.3677
17574,Houston,77056-3733,TX,29.7589,-95.3677
17573,Houston,77043-2804,TX,29.7589,-95.3677
17572,Houston,77042-2614,TX,29.7589,-95.3677
17571,Houston,77040-6024,TX,29.7589,-95.3677
17569,Houston,77036-5940,TX,29.7589,-95.3677
17567,Houston,77025-5209,TX,29.7589,-95.3677
17566,Houston,77025-4026,TX,29.7589,-95.3677
17564,Houston,77025-2401,TX,29.7589,-95.3677
17562,Houston,77017-5217,TX,29.7589,-95.3677
17561,Houston,77008-7060,TX,29.7589,-95.3677
17560,Houston,77006-4013,TX,29.7589,-95.3677
17557,Houston,77004-7995,TX,29.7589,-95.3677
17556,Houston,77004-6834,TX,29.7589,-95.3677
17555,Hondo,78861-5501,TX,29.3474,-99.1412
17554,Hewitt,76643-3568,TX,31.4624,-97.1958
17553,Henderson,75652-3023,TX,32.1532,-94.7994
17552,Helotes,78023-4236,TX,29.5628,-98.687
17551,Harlingen,78550-9011,TX,26.1906,-97.6961
17550,Haltom City,76117-3526,TX,32.7996,-97.2692
17549,Groom,79039,TX,35.2037,-101.1068
17548,Granbury,76049-5227,TX,32.4421,-97.7942
17547,Georgetown,78626-7328,TX,30.6327,-97.6772
17545,Garland,75040-1069,TX,32.9126,-96.6389
17542,Galveston,77551-1520,TX,29.2993,-94.7946
17540,Galveston,77550,TX,29.2993,-94.7946
17538,Gainesville,76240-9562,TX,33.6259,-97.1333
17537,Fulshear,77441-1662,TX,29.6903,-95.8996
17536,Friendswood,77546,TX,29.5294,-95.201
17535,Fort Worth,76244-7256,TX,32.7532,-97.3327
17534,Fort Worth,76155-2001,TX,32.7532,-97.3327
17531,Fort Worth,76137-6625,TX,32.7532,-97.3327
17530,Fort Worth,76132-4426,TX,32.7532,-97.3327
17528,Fort Worth,76111-2924,TX,32.7532,-97.3327
17527,Fort Worth,76107-4025,TX,32.7532,-97.3327
17526,Fort Worth,76103-1334,TX,32.7532,-97.3327
17525,Flower Mound,75028-1817,TX,33.0146,-97.097
17524,Flint,75762,TX,32.204,-95.3486
17523,Fairview,75069-1953,TX,,
17522,Fairfield,75840-5126,TX,31.7244,-96.1649
17521,Euless,76039-8304,TX,32.8371,-97.082
17520,Elmendorf,78112-6038,TX,29.2561,-98.3328
17519,El Paso,79904-3010,TX,31.8064,-106.2221
17517,El Paso,79936-3965,TX,31.8064,-106.2221
17516,El Paso,79930,TX,31.8064,-106.2221
17515,El Paso,79912-3324,TX,31.8064,-106.2221
17514,El Paso,79912-1742,TX,31.8064,-106.2221
17513,East Bernard,77435,TX,29.5311,-96.0711
17512,Driftwood,78619-5804,TX,30.123,-98.0308
17511,Dickinson,77539-3312,TX,29.4608,-95.0513
17510,Desoto,75115-5096,TX,32.6045,-96.8561
17509,Desoto,75115-4322,TX,32.6045,-96.8561
17508,Denton,76209,TX,33.215,-97.1331
17507,Denton,76203-5017,TX,33.215,-97.1331
17506,Decatur,76234-3219,TX,33.2343,-97.5861
17505,Dayton,77535-2002,TX,30.0466,-94.8852
17504,Dallas,75287,TX,32.7763,-96.7969
17503,Dallas,75254-2711,TX,32.7763,-96.7969
17502,Dallas,75230-5057,TX,32.7763,-96.7969
17501,Dallas,75230-4139,TX,32.7763,-96.7969
17500,Dallas,75230-3459,TX,32.7763,-96.7969
17499,Dallas,75229-4101,TX,32.7763,-96.7969
17498,Dallas,75225-4020,TX,32.7763,-96.7969
17496,Dallas,75225,TX,32.7763,-96.7969
17495,Dallas,75220,tx,32.7763,-96.7969
17492,Dallas,75219-1586,TX,32.7763,-96.7969
17491,Dallas,75214-2711,TX,32.7763,-96.7969
17490,Dallas,75214,TX,32.7763,-96.7969
17489,Dallas,75209-3524,TX,32.7763,-96.7969
17486,Dallas,75208-4949,TX,32.7763,-96.7969
17483,Dallas,75206,TX,32.7763,-96.7969
17481,Dallas,75204-2618,TX,32.7763,-96.7969
17480,Dallas,75201-2425,TX,32.7763,-96.7969
17475,Cypress,77433-0289,TX,29.9691,-95.6972
17472,Corpus Christi,78418-6013,TX,27.8003,-97.3956
17470,Corpus Christi,78412-3816,TX,27.8003,-97.3956
17469,Coppell,75019-7512,TX,32.9553,-97.0156
17468,Conroe,77302-5513,TX,30.3119,-95.4561
17466,Colleyville,76034,TX,32.881,-97.155
17464,Celina,75009-3821,TX,33.3246,-96.7844
17463,Cedar Park,78613-3996,TX,30.5052,-97.8203
17462,Cedar Park,78613-3213,TX,30.5052,-97.8203
17461,Carrollton,75010-1168,TX,33.001,-96.8922
17460,Camp Verde,78010-3538,TX,,
17459,Boerne,78015-4948,TX,29.7947,-98.732
17458,Belton,76513-5609,TX,31.056,-97.4645
17457,Bellville,77418-9612,TX,29.9502,-96.2572
17456,Bellville,77418-3721,TX,29.9502,-96.2572
17455,Bellaire,77401-5318,TX,29.7058,-95.4588
17454,Bedford,76022,tx,32.844,-97.1431
17453,Beaumont,77713-9216,TX,30.086,-94.1018
17451,Bastrop,78602-4654,TX,30.1105,-97.3153
17450,Austin,78754,TX,30.2711,-97.7437
17449,Austin,78751,TX,30.2711,-97.7437
17448,Austin,78749-1127,TX,30.2711,-97.7437
17447,Austin,78748-1216,TX,30.2711,-97.7437
17446,Austin,78739-2098,TX,30.2711,-97.7437
17444,Austin,78734,TX,30.2711,-97.7437
17443,Austin,78733-4204,TX,30.2711,-97.7437
17442,Austin,78732-6119,TX,30.2711,-97.7437
17440,Austin,78732-2479,TX,30.2711,-97.7437
17438,Austin,78732-2266,TX,30.2711,-97.7437
17436,Austin,78730-4902,TX,30.2711,-97.7437
17434,Austin,78728-7018,TX,30.2711,-97.7437
17433,Austin,78728-6975,TX,30.2711,-97.7437
17432,Austin,78728-4372,TX,30.2711,-97.7437
17431,Austin,78704-4218,TX,30.2711,-97.7437
17430,Austin,78701-4254,TX,30.2711,-97.7437
17429,Aubrey,76227-4495,TX,33.3043,-96.9861
17428,Arlington,76015,TX,32.7356,-97.1071
17427,Arlington,76012,TX,32.7356,-97.1071
17426,Arlington,76006-7447,TX,32.7356,-97.1071
17425,Arlington,76002-3070,TX,32.7356,-97.1071
17423,Amarillo,79124-4971,TX,35.2072,-101.8338
17422,Amarillo,79119-7307,TX,35.2072,-101.8338
17420,Amarillo,79109-3941,TX,35.2072,-101.8338
17419,Amarillo,79109-3220,TX,35.2072,-101.8338
17418,Amarillo,79103,TX,35.2072,-101.8338
17416,Allen,75002,TX,33.1032,-96.6706
17415,Aledo,76008,TX,32.696,-97.6022
17414,Abilene,79606-3584,TX,32.4465,-99.7333
17412,Abilene,79602-1816,TX,32.4465,-99.7333
17411,Winchester,37398-1414,TN,35.186,-86.1118
17410,Tullahoma,37388-5327,TN,35.362,-86.2094
17409,Thompsons Station,37179,TN,35.802,-86.9114
17408,Soddy Daisy,37379-4234,TN,35.2887,-85.1666
17406,Smyrna,37167-2658,TN,35.9828,-86.5186
17405,Shelbyville,37160-5560,TN,35.4834,-86.4603
17404,Sewanee,37375,TN,35.2031,-85.9211
17403,Pulaski,38478,TN,35.1998,-87.0308
17402,Paris,38242,tn,36.302,-88.3267
17400,Old Hickory,37138-1366,TN,36.2598,-86.6478
17398,Oak Ridge,37830,TN,36.0104,-84.2696
17397,Normandy,37360-7906,TN,35.452,-86.2601
17396,Niota,37826-2446,TN,35.5134,-84.5452
17394,Nashville,37220,TN,36.1622,-86.7744
17392,Nashville,37215-2501,TN,36.1622,-86.7744
17391,Nashville,37215-1712,TN,36.1622,-86.7744
17389,Nashville,37214-4251,TN,36.1622,-86.7744
17388,Nashville,37211-2648,TN,36.1622,-86.7744
17387,Nashville,37205-3438,TN,36.1622,-86.7744
17386,Nashville,37204-4020,TN,36.1622,-86.7744
17385,Nashville,37204-2524,TN,36.1622,-86.7744
17384,Murfreesboro,37129-0222,TN,35.846,-86.392
17383,Mt Juliet,37122-1521,TN,,
17382,Memphis,38125-4122,TN,35.149,-90.0516
17381,Memphis,38117-2535,TN,35.149,-90.0516
17379,Louisville,37777-3045,TN,35.8217,-84.048
17377,Loudon,37774-2175,TN,35.7329,-84.3338
17376,Lebanon,37090-8823,TN,36.2081,-86.2905
17375,La Vergne,37086-2041,TN,36.0156,-86.5819
17374,Kodak,37764-2154,TN,35.9745,-83.6268
17373,Knoxville,37932-1940,TN,35.9604,-83.921
17372,Knoxville,37932-1041,TN,35.9604,-83.921
17371,Knoxville,37922-9420,TN,35.9604,-83.921
17370,Knoxville,37922-6686,TN,35.9604,-83.921
17368,Knoxville,37920,tn,35.9604,-83.921
17367,Knoxville,37919,TN,35.9604,-83.921
17365,Kingston,37763-4858,TN,35.8809,-84.5085
17364,Kingsport,37663,TN,36.5484,-82.5618
17362,Johnson City,37601-4904,TN,36.3134,-82.3535
17361,Jackson,38305-8552,TN,35.6145,-88.8139
17360,Jackson,38301-6223,TN,35.6145,-88.8139
17359,Huntingdon,38344-5416,TN,36.0006,-88.4281
17358,Hixson,37343-5728,TN,35.1406,-85.2327
17357,Hermitage,37076-5604,TN,36.1962,-86.6225
17356,Hendersonville,37075-8796,TN,36.3048,-86.62
17354,Hendersonville,37075-6401,TN,36.3048,-86.62
17353,Hendersonville,37075-5325,TN,36.3048,-86.62
17351,Hendersonville,37075-4594,TN,36.3048,-86.62
17350,Goodlettsville,37072-9708,TN,36.3231,-86.7133
17349,Germantown,38138-1500,TN,35.0868,-89.8101
17348,Franklin,37064-5712,TN,35.9252,-86.8689
17347,Crossville,38571-0762,TN,35.949,-85.0269
17346,Crossville,38558-2856,TN,35.949,-85.0269
17345,Collierville,38017-3701,TN,35.042,-89.6645
17344,Clarksville,37043-4536,TN,36.5286,-87.3099
17343,Chattanooga,37419-1920,TN,35.0456,-85.3097
17341,Chattanooga,37415-3596,TN,35.0456,-85.3097
17340,Brentwood,37027-5720,TN,36.0326,-86.7825
17339,Blountville,37617-5358,TN,36.5332,-82.3268
17338,Bartlett,38134-2836,TN,35.2045,-89.874
17337,Antioch,37013,tn,36.0601,-86.6722
17334,Webster,77598,TX,29.5377,-95.1183
17333,Weatherford,76086,TX,32.759,-97.7971
17331,Waco,76708-2373,TEXAS,31.5493,-97.1467
17330,Trinity,75862-5733,TEXAS,30.9452,-95.3755
17329,The Colony,75056,TX,33.089,-96.8864
17325,Spring,77379,TX,30.0799,-95.4173
17324,Sherman,75092-4532,TX,33.636,-96.6098
17323,San Marcos,78666,TX,29.8826,-97.9406
17321,San Antonio,78233-5835,TX,29.4246,-98.4951
17320,Plano,75093,TX,33.0137,-96.6925
17317,Pearland,77584-9149,TEXAS,29.564,-95.2864
17315,Pearland,77584-8720,TEXAS,29.564,-95.2864
17314,Pasadena,77505-4344,TX,29.6911,-95.2091
17313,North Richland Hills,76180-8148,TEXAS,32.8343,-97.2289
17312,Mckinney,75071,TX,33.1976,-96.6154
17311,Lewisville,75056,TX,33.0462,-96.9942
17309,Leander,78641-8503,TEXAS,30.5788,-97.8531
17307,Kingwood,77345,TX,30.0497,-95.1846
17306,Johnson City,78636,TX,30.2769,-98.412
17303,Irving,75038,TX,32.814,-96.9489
17302,Houston,77095-2792,TEXAS,29.7589,-95.3677
17301,Houston,77092-2608,TEXAS,29.7589,-95.3677
17299,Houston,77078-3105,TEXAS,29.7589,-95.3677
17298,Houston,77055-6665,TEXAS,29.7589,-95.3677
17297,Houston,77053-4607,TEXAS,29.7589,-95.3677
17295,Houston,77024,TX,29.7589,-95.3677
17293,Houston,77007,TX,29.7589,-95.3677
17291,Houston,77003-4502,TEXAS,29.7589,-95.3677
17290,Henderson,75652-3204,TEXAS,32.1532,-94.7994
17289,Hallettsville,77964-5468,TEXAS,29.4439,-96.9411
17288,Georgetown,78633-9541,TEXAS,30.6327,-97.6772
17287,Georgetown,78628,texas,30.6327,-97.6772
17286,Fredericksburg,78624-2506,TEXAS,30.2752,-98.872
17284,Fort Worth,76116,texas,32.7532,-97.3327
17282,Farmers Branch,75234-5061,TEXAS,32.9265,-96.8961
17279,El Paso,79930-1113,TEXAS,31.8064,-106.2221
17278,Dripping Springs,78620,TX,30.1902,-98.0867
17277,Devine,78016-2409,TEXAS,29.14,-98.9053
17274,Dallas,75216,TX,32.7763,-96.7969
17272,Cypress,77429,TX,29.9691,-95.6972
17268,College Station,77845-8953,TEXAS,30.6263,-96.3347
17267,Cibolo,78108-4304,TEXAS,29.5616,-98.227
17266,Cedar Park,78613-7836,TEXAS,30.5052,-97.8203
17265,Cedar Park,78613,TX,30.5052,-97.8203
17263,Canton,75103-8388,TEXAS,32.5565,-95.8633
17262,Buda,78610,TX,30.0852,-97.8403
17259,Boerne,78006-7968,TEXAS,29.7947,-98.732
17256,Austin,78759-6602,TEXAS,30.2711,-97.7437
17255,Signal Mountain,37377,TN,35.1226,-85.3438
17254,Powell,37849-3357,TENNESSEE,36.0317,-84.028
17253,Nashville,37204,TN,36.1622,-86.7744
17252,Knoxville,37920-5227,TN,35.9604,-83.921
17251,Knoxville,37909,TN,35.9604,-83.921
17250,North Augusta,29841,SC,33.5018,-81.9651
17248,Conway,29526-8910,SOUTH CAROLINA,33.836,-79.0478
17247,Yankton,57078-6745,SD,42.8712,-97.3971
17245,Wentworth,57075-6913,SD,43.9972,-96.9642
17244,Watertown,57201-5471,SD,44.8992,-97.1153
17243,Sturgis,57785-2936,SD,44.4097,-103.5091
17242,Sioux Falls,57106,SD,43.55,-96.7003
17239,Sioux Falls,57105,SD,43.55,-96.7003
17238,Burbank,57010,SD,42.7453,-96.8292
17237,Big Stone City,57216-8209,SD,45.2916,-96.4628
17236,Aberdeen,57401-6939,SD,45.465,-98.4878
17235,West Union,29696-1323,SC,34.7598,-83.0429
17234,West Columbia,29170-2764,SC,33.9935,-81.074
17233,Travelers Rest,29690-9277,SC,34.9676,-82.4435
17232,Taylors,29687-7122,SC,34.9204,-82.2962
17231,Taylors,29687,SC,34.9204,-82.2962
17230,Summerville,29485-8440,SC,33.0185,-80.1756
17229,Summerville,29483-8054,SC,33.0185,-80.1756
17228,Spartanburg,29302,SC,34.9498,-81.932
17227,Spartanburg,29301,SC,34.9498,-81.932
17226,Simpsonville,29681-4764,SC,34.7371,-82.2543
17223,Simpsonville,29681,SC,34.7371,-82.2543
17222,Saint Helena Island,29920-7413,SC,32.3869,-80.5607
17221,Roebuck,29376,SC,34.8796,-81.9662
17220,Rock Hill,29730,SC,34.9249,-81.0251
17219,Prosperity,29127-7182,SC,34.2093,-81.5332
17218,North Charleston,29420-8974,SC,32.8546,-79.9748
17217,Myrtle Beach,29579-6678,SC,33.6956,-78.89
17214,Mt. Pleasant,29466,SC,,
17213,Mauldin,29662-3256,SC,34.7787,-82.3101
17212,Lyman,29365,SC,34.9482,-82.1273
17211,Lancaster,29720-9484,SC,34.7204,-80.7709
17206,Johns Island,29455-6716,SC,32.7024,-80.0481
17205,Iva,29655-8748,SC,34.3065,-82.6637
17204,Hilton Head Island,29928-3132,SC,32.2163,-80.7526
17203,Greer,29650-3937,SC,34.9381,-82.2272
17201,Greenville,29615-4123,SC,34.8514,-82.3985
17198,Greenville,29615,SC,34.8514,-82.3985
17197,Greenville,29609-6516,SC,34.8514,-82.3985
17194,Greenville,29609-5240,SC,34.8514,-82.3985
17193,Fort Mill,29715-8213,SC,35.0074,-80.9451
17191,Florence,29506-2762,SC,34.1984,-79.7672
17190,Conway,29526-6324,SC,33.836,-79.0478
17189,Columbia,29229-9387,SC,34.0007,-81.0343
17188,Columbia,29223-3725,SC,34.0007,-81.0343
17187,Columbia,29206-1635,SC,34.0007,-81.0343
17186,Columbia,29201-3334,SC,34.0007,-81.0343
17183,Clover,29710-4717,SC,35.1112,-81.2265
17181,Chester,29706-3707,SC,34.7049,-81.2143
17180,Charleston,29492-8129,SC,32.7876,-79.9403
17179,Charleston,29414,sc,32.7876,-79.9403
17176,Charleston,29412-9546,SC,32.7876,-79.9403
17175,Charleston,29406-5030,SC,32.7876,-79.9403
17174,Cassatt,29032-9200,SC,34.3646,-80.4359
17173,Blythewood,29016-7649,SC,34.2143,-80.974
17172,Blythewood,29016-7649,SC,34.2143,-80.974
17171,Blythewood,29016-7649,SC,34.2143,-80.974
